"meanDiff","sdDiff","minDiff","maxDiff"
0.875806326788384,4.66009376342615,-3.16503886209813,11.4883667465151
